threshold,all,giraffes,zebras
40,3236.697247706422,217.14285714285714,3023.0588235294117
45,2960.94,180.0,2778.1505376344085
50,2892.929292929293,180.0,2710.8695652173915
55,2794.7368421052633,166.0,2605.9154929577467
60,2628.108108108108,166.0,2440.0
65,2871.375,154.0,2734.8837209302324
70,2744.177777777778,146.0,2625.7
75,2223.9375,115.2,2187.777777777778
80,2164.259259259259,115.2,2163.4545454545455
85,2442.3636363636365,210.0,2217.6
90,2555.5555555555557,205.0,2349.0
