threshold,all,giraffes,zebras
40,3529.196850393701,173.4,3385.128205128205
45,3656.7714285714287,240.0,3437.7979797979797
50,3640.2631578947367,243.0,3429.622641509434
55,4282.7692307692305,127.5,4392.181818181818
60,1464.0,48.0,1782.0
65,0.0,0.0,0.0
70,0.0,0.0,0.0
75,0.0,0.0,0.0
80,0.0,0.0,0.0
85,0.0,0.0,0.0
