threshold,all,giraffes,zebras
40,3582.0703125,173.4,3437.7118644067796
45,3587.362831858407,166.66666666666666,3450.0865384615386
50,3504.123076923077,207.5,3301.4754098360654
55,5359.5,294.0,5114.571428571428
60,0.0,0.0,0.0
65,0.0,0.0,0.0
70,0.0,0.0,0.0
75,0.0,0.0,0.0
80,0.0,0.0,0.0
85,0.0,0.0,0.0
