Classifier,Train-Test Split,Accuracy,Precision,Recall,F1 score,AUC,Squared Error
logistic,0.4,0.727810650887574,0.7129629629629629,0.8369565217391305,0.77,0.7732919254658385,0.27218934911242604
svm,0.4,0.7218934911242604,0.6829268292682927,0.9130434782608695,0.7813953488372093,0.7424477696216827,0.2781065088757396
dtree,0.4,0.6804733727810651,0.7159090909090909,0.6847826086956522,0.7000000000000001,0.685347261434218,0.31952662721893493
random_forests,0.4,0.6982248520710059,0.6952380952380952,0.7934782608695652,0.7411167512690355,0.7315782044042913,0.30177514792899407
